feature,level,n,wins,places,win_rate_pct,place_rate_pct,win_lift,place_lift
檔位,1,9027,920,2626,10.2,29.1,1.262,1.211
檔位,2,9030,848,2431,9.4,26.9,1.163,1.121
檔位,3,9031,823,2374,9.1,26.3,1.129,1.095
檔位,4,9031,762,2290,8.4,25.4,1.045,1.056
檔位,5,9034,773,2309,8.6,25.6,1.061,1.063
檔位,6,8999,721,2177,8.0,24.2,0.997,1.008
檔位,7,8940,660,2117,7.4,23.7,0.925,0.989
檔位,8,8840,638,2011,7.2,22.8,0.913,0.959
檔位,9,8666,599,1883,6.9,21.7,0.884,0.927
檔位,10,8432,601,1787,7.1,21.2,0.923,0.915
檔位,11,8069,526,1635,6.5,20.3,0.856,0.887
檔位,12,7568,550,1561,7.3,20.6,0.967,0.915
檔位,13,5766,341,1038,5.9,18.0,0.816,0.828
檔位,14,5171,335,932,6.5,18.0,0.901,0.836
出馬數,5,95,19,38,20.0,40.0,1.0,1.0
出馬數,6,378,63,126,16.7,33.3,1.0,1.0
出馬數,7,770,110,330,14.3,42.9,1.0,1.0
出馬數,8,1360,170,510,12.5,37.5,1.0,1.0
出馬數,9,2205,245,737,11.1,33.4,1.0,1.003
出馬數,10,3900,391,1171,10.0,30.0,1.003,1.001
出馬數,11,6512,592,1777,9.1,27.3,1.0,1.001
出馬數,12,20964,1752,5245,8.4,25.0,1.003,1.001
出馬數,13,12519,964,2890,7.7,23.1,1.001,1.0
出馬數,14,66878,4785,14347,7.2,21.4,1.002,1.001
生涯第幾戰,1,7544,507,1319,6.7,17.5,0.851,0.745
生涯第幾戰,2,6665,498,1335,7.5,20.0,0.96,0.863
生涯第幾戰,3,6207,484,1345,7.8,21.7,1.006,0.934
生涯第幾戰,4,5779,492,1281,8.5,22.2,1.106,0.963
生涯第幾戰,5,5324,470,1277,8.8,24.0,1.147,1.04
生涯第幾戰,6,4940,405,1193,8.2,24.2,1.063,1.045
生涯第幾戰,7,4657,440,1226,9.4,26.3,1.225,1.14
生涯第幾戰,8,4345,418,1186,9.6,27.3,1.243,1.178
生涯第幾戰,9,4070,383,1118,9.4,27.5,1.212,1.181
生涯第幾戰,10,3908,401,1096,10.3,28.1,1.314,1.2
生涯第幾戰,11,3652,342,1079,9.4,29.6,1.203,1.266
生涯第幾戰,12,3511,326,993,9.3,28.3,1.188,1.209
生涯第幾戰,13,3331,292,943,8.8,28.3,1.112,1.201
生涯第幾戰,14,3143,261,847,8.3,27.0,1.05,1.14
生涯第幾戰,15,2966,262,842,8.8,28.4,1.115,1.198
生涯第幾戰,16,2836,278,775,9.8,27.3,1.236,1.155
生涯第幾戰,17,2712,221,710,8.2,26.2,1.028,1.107
生涯第幾戰,18,2570,225,717,8.8,27.9,1.103,1.175
生涯第幾戰,19,2451,186,626,7.6,25.5,0.944,1.064
生涯第幾戰,20,2312,186,561,8.0,24.3,1.006,1.016
生涯第幾戰,21,2231,165,521,7.4,23.4,0.927,0.98
生涯第幾戰,22,2080,147,467,7.1,22.4,0.886,0.941
生涯第幾戰,23,1997,141,450,7.1,22.5,0.887,0.946
生涯第幾戰,24,1869,123,411,6.6,22.0,0.822,0.922
生涯第幾戰,25,1823,128,420,7.0,23.0,0.88,0.967
生涯第幾戰,26,1647,104,359,6.3,21.8,0.786,0.91
生涯第幾戰,27,1579,123,354,7.8,22.4,0.977,0.94
生涯第幾戰,28,1493,95,300,6.4,20.1,0.789,0.836
生涯第幾戰,29,1375,80,272,5.8,19.8,0.725,0.825
生涯第幾戰,30,1332,67,266,5.0,20.0,0.629,0.838
生涯第幾戰,31,1231,70,235,5.7,19.1,0.709,0.798
生涯第幾戰,32,1135,66,211,5.8,18.6,0.727,0.779
生涯第幾戰,33,1054,60,204,5.7,19.4,0.719,0.818
生涯第幾戰,34,1037,69,218,6.6,21.0,0.834,0.881
生涯第幾戰,35,918,50,164,5.4,17.9,0.678,0.745
生涯第幾戰,36,833,47,164,5.6,19.7,0.705,0.824
生涯第幾戰,37,799,31,133,3.9,16.7,0.487,0.7
生涯第幾戰,38,732,36,136,4.9,18.6,0.625,0.788
生涯第幾戰,39,633,30,102,4.7,16.1,0.598,0.68
生涯第幾戰,40,572,31,116,5.4,20.3,0.68,0.851
生涯第幾戰,41,556,29,107,5.2,19.2,0.654,0.807
生涯第幾戰,42,515,32,104,6.2,20.2,0.777,0.844
生涯第幾戰,43,473,36,98,7.6,20.7,0.958,0.872
生涯第幾戰,44,438,31,87,7.1,19.9,0.885,0.829
生涯第幾戰,45,405,17,64,4.2,15.8,0.536,0.675
生涯第幾戰,46,349,18,58,5.2,16.6,0.66,0.71
生涯第幾戰,47,333,18,49,5.4,14.7,0.684,0.623
生涯第幾戰,48,309,19,68,6.2,22.0,0.784,0.94
生涯第幾戰,49,271,17,52,6.3,19.2,0.8,0.821
生涯第幾戰,50,269,11,49,4.1,18.2,0.517,0.77
生涯第幾戰,51,237,15,52,6.3,21.9,0.801,0.925
生涯第幾戰,52,219,15,46,6.8,21.0,0.885,0.907
生涯第幾戰,53,208,15,38,7.2,18.3,0.926,0.782
生涯第幾戰,54,189,10,29,5.3,15.3,0.69,0.667
生涯第幾戰,55,164,11,31,6.7,18.9,0.866,0.814
生涯第幾戰,56,140,8,19,5.7,13.6,0.738,0.584
生涯第幾戰,57,112,8,28,7.1,25.0,0.909,1.06
生涯第幾戰,58,113,2,18,1.8,15.9,0.225,0.674
生涯第幾戰,59,103,3,14,2.9,13.6,0.376,0.584
生涯第幾戰,60,82,2,11,2.4,13.4,0.318,0.583
生涯第幾戰,61,78,3,14,3.8,18.0,0.482,0.75
生涯第幾戰,62,68,4,9,5.9,13.2,0.763,0.572
生涯第幾戰,63,59,2,13,3.4,22.0,0.426,0.935
生涯第幾戰,64,67,3,17,4.5,25.4,0.575,1.086
生涯第幾戰,65,52,1,15,1.9,28.8,0.244,1.219
生涯第幾戰,66,55,2,13,3.6,23.6,0.473,1.024
生涯第幾戰,67,47,4,9,8.5,19.2,1.099,0.824
生涯第幾戰,68,45,4,11,8.9,24.4,1.149,1.053
生涯第幾戰,69,31,3,11,9.7,35.5,1.25,1.527
生涯第幾戰,70,41,1,11,2.4,26.8,0.315,1.154
生涯第幾戰,72,32,3,8,9.4,25.0,1.255,1.116
上仗名次,1,9168,1656,3943,18.1,43.0,2.24,1.789
上仗名次,2,8937,1362,3613,15.2,40.4,1.917,1.703
上仗名次,3,8812,1037,3047,11.8,34.6,1.481,1.456
上仗名次,4,8838,880,2611,10.0,29.5,1.258,1.249
上仗名次,5,8840,752,2404,8.5,27.2,1.079,1.154
上仗名次,6,8712,589,1973,6.8,22.7,0.859,0.963
上仗名次,7,8686,512,1794,5.9,20.6,0.752,0.881
上仗名次,8,8517,453,1556,5.3,18.3,0.679,0.78
上仗名次,9,8336,367,1372,4.4,16.5,0.565,0.705
上仗名次,10,8066,326,1149,4.0,14.2,0.52,0.613
上仗名次,11,7778,274,999,3.5,12.8,0.456,0.555
上仗名次,12,6845,210,782,3.1,11.4,0.397,0.494
上仗名次,13,3639,94,349,2.6,9.6,0.336,0.416
上仗名次,14,2887,78,260,2.7,9.0,0.354,0.393
月份,1,12954,1005,3007,7.8,23.2,1.001,1.001
月份,2,10023,787,2347,7.8,23.4,1.003,1.0
月份,3,11628,914,2723,7.9,23.4,1.003,1.001
月份,4,10364,828,2471,8.0,23.8,1.0,1.001
月份,5,13129,1047,3117,8.0,23.7,1.002,1.0
月份,6,10877,857,2551,7.9,23.4,1.001,1.001
月份,7,7002,535,1602,7.6,22.9,1.002,1.002
月份,9,7700,635,1901,8.2,24.7,1.0,1.001
月份,10,11023,874,2620,7.9,23.8,1.001,1.001
月份,11,10487,810,2417,7.7,23.0,1.005,1.0
月份,12,10418,805,2415,7.7,23.2,1.0,1.001
路程(米),1000,9882,791,2337,8.0,23.6,1.005,1.001
路程(米),1200,36322,2955,8835,8.1,24.3,1.002,1.001
路程(米),1400,32636,2447,7319,7.5,22.4,1.001,1.001
路程(米),1600,16128,1260,3767,7.8,23.4,1.001,1.001
路程(米),1650,7270,562,1680,7.7,23.1,1.002,1.0
路程(米),1800,8704,682,2043,7.8,23.5,1.0,1.001
路程(米),2000,3845,321,961,8.4,25.0,1.0,1.001
路程(米),2200,267,23,65,8.6,24.3,1.045,1.0
路程(米),2400,551,56,164,10.2,29.8,1.0,1.006
之前戰沙田次數,0,9161,600,1564,6.6,17.1,0.834,0.73
之前戰沙田次數,1,8254,565,1597,6.8,19.4,0.881,0.835
之前戰沙田次數,2,7672,569,1590,7.4,20.7,0.959,0.896
之前戰沙田次數,3,7172,585,1579,8.2,22.0,1.058,0.954
之前戰沙田次數,4,6702,575,1627,8.6,24.3,1.111,1.05
之前戰沙田次數,5,6232,543,1620,8.7,26.0,1.126,1.121
之前戰沙田次數,6,5769,548,1560,9.5,27.0,1.227,1.166
之前戰沙田次數,7,5376,502,1486,9.3,27.6,1.204,1.19
之前戰沙田次數,8,4978,437,1355,8.8,27.2,1.124,1.164
之前戰沙田次數,9,4617,441,1287,9.6,27.9,1.222,1.192
之前戰沙田次數,10,4307,385,1201,8.9,27.9,1.141,1.189
之前戰沙田次數,11,3954,359,1104,9.1,27.9,1.155,1.188
之前戰沙田次數,12,3632,334,1011,9.2,27.8,1.162,1.176
之前戰沙田次數,13,3357,279,878,8.3,26.2,1.05,1.106
之前戰沙田次數,14,3104,259,793,8.3,25.6,1.049,1.073
之前戰沙田次數,15,2869,221,763,7.7,26.6,0.966,1.118
之前戰沙田次數,16,2651,206,637,7.8,24.0,0.972,1.007
之前戰沙田次數,17,2417,191,573,7.9,23.7,0.987,0.99
之前戰沙田次數,18,2243,188,556,8.4,24.8,1.046,1.034
之前戰沙田次數,19,2053,149,465,7.3,22.7,0.907,0.948
之前戰沙田次數,20,1884,132,403,7.0,21.4,0.868,0.889
之前戰沙田次數,21,1717,108,368,6.3,21.4,0.78,0.893
之前戰沙田次數,22,1577,100,326,6.3,20.7,0.782,0.855
之前戰沙田次數,23,1454,97,319,6.7,21.9,0.83,0.912
之前戰沙田次數,24,1346,81,275,6.0,20.4,0.749,0.852
之前戰沙田次數,25,1222,64,261,5.2,21.4,0.645,0.883
之前戰沙田次數,26,1104,58,208,5.2,18.8,0.652,0.782
之前戰沙田次數,27,983,56,198,5.7,20.1,0.702,0.835
之前戰沙田次數,28,891,53,169,5.9,19.0,0.733,0.788
之前戰沙田次數,29,789,51,167,6.5,21.2,0.805,0.884
之前戰沙田次數,30,703,31,132,4.4,18.8,0.546,0.781
之前戰沙田次數,31,618,45,129,7.3,20.9,0.909,0.872
之前戰沙田次數,32,554,25,106,4.5,19.1,0.562,0.796
之前戰沙田次數,33,499,40,96,8.0,19.2,0.996,0.8
之前戰沙田次數,34,438,23,82,5.2,18.7,0.657,0.785
之前戰沙田次數,35,392,19,65,4.9,16.6,0.606,0.695
之前戰沙田次數,36,355,18,54,5.1,15.2,0.639,0.639
之前戰沙田次數,37,311,17,65,5.5,20.9,0.681,0.87
之前戰沙田次數,38,273,15,60,5.5,22.0,0.691,0.923
之前戰沙田次數,39,240,19,58,7.9,24.2,0.98,1.0
之前戰沙田次數,40,213,15,46,7.0,21.6,0.878,0.898
之前戰沙田次數,41,195,14,43,7.2,22.0,0.89,0.915
之前戰沙田次數,42,168,8,32,4.8,19.0,0.603,0.808
之前戰沙田次數,43,147,10,34,6.8,23.1,0.863,0.982
之前戰沙田次數,44,130,11,27,8.5,20.8,1.065,0.876
之前戰沙田次數,45,109,5,25,4.6,22.9,0.582,0.978
之前戰沙田次數,46,91,1,18,1.1,19.8,0.141,0.849
之前戰沙田次數,47,84,4,16,4.8,19.0,0.595,0.807
之前戰沙田次數,48,78,5,22,6.4,28.2,0.807,1.195
之前戰沙田次數,49,70,7,16,10.0,22.9,1.285,0.979
之前戰沙田次數,50,61,3,12,4.9,19.7,0.62,0.826
之前戰沙田次數,51,57,5,14,8.8,24.6,1.132,1.056
之前戰沙田次數,52,45,5,14,11.1,31.1,1.434,1.339
之前戰沙田次數,53,40,7,13,17.5,32.5,2.191,1.356
之前戰沙田次數,54,36,2,9,5.6,25.0,0.707,1.06
之前跑呢個程次數,0,24165,1628,4529,6.7,18.7,0.868,0.809
之前跑呢個程次數,1,16618,1338,3728,8.0,22.4,1.038,0.967
之前跑呢個程次數,2,12418,1009,3074,8.1,24.8,1.043,1.062
之前跑呢個程次數,3,9601,889,2506,9.3,26.1,1.188,1.118
之前跑呢個程次數,4,7657,691,2007,9.0,26.2,1.153,1.12
之前跑呢個程次數,5,6249,543,1689,8.7,27.0,1.103,1.147
之前跑呢個程次數,6,5189,458,1457,8.8,28.1,1.12,1.192
之前跑呢個程次數,7,4388,350,1172,8.0,26.7,1.001,1.121
之前跑呢個程次數,8,3700,315,968,8.5,26.2,1.067,1.099
之前跑呢個程次數,9,3201,251,856,7.8,26.7,0.987,1.127
之前跑呢個程次數,10,2779,227,717,8.2,25.8,1.024,1.084
之前跑呢個程次數,11,2390,167,574,7.0,24.0,0.874,1.005
之前跑呢個程次數,12,2082,164,512,7.9,24.6,0.979,1.022
之前跑呢個程次數,13,1857,167,470,9.0,25.3,1.115,1.051
之前跑呢個程次數,14,1607,115,392,7.2,24.4,0.886,1.011
之前跑呢個程次數,15,1421,100,324,7.0,22.8,0.879,0.953
之前跑呢個程次數,16,1289,113,314,8.8,24.4,1.09,1.013
之前跑呢個程次數,17,1103,69,241,6.3,21.8,0.779,0.912
之前跑呢個程次數,18,964,55,195,5.7,20.2,0.707,0.839
之前跑呢個程次數,19,856,61,189,7.1,22.1,0.887,0.917
之前跑呢個程次數,20,765,44,137,5.8,17.9,0.718,0.747
之前跑呢個程次數,21,648,36,137,5.6,21.1,0.689,0.876
之前跑呢個程次數,22,564,38,125,6.7,22.2,0.833,0.918
之前跑呢個程次數,23,512,34,119,6.6,23.2,0.805,0.944
之前跑呢個程次數,24,446,27,91,6.0,20.4,0.754,0.85
之前跑呢個程次數,25,378,33,100,8.7,26.5,1.101,1.114
之前跑呢個程次數,26,344,24,82,7.0,23.8,0.859,0.978
之前跑呢個程次數,27,309,22,52,7.1,16.8,0.888,0.7
之前跑呢個程次數,28,271,17,51,6.3,18.8,0.786,0.788
之前跑呢個程次數,29,227,8,35,3.5,15.4,0.44,0.642
之前跑呢個程次數,30,201,11,40,5.5,19.9,0.672,0.826
之前跑呢個程次數,31,149,10,34,6.7,22.8,0.815,0.928
之前跑呢個程次數,32,142,11,34,7.8,23.9,0.943,0.972
之前跑呢個程次數,33,129,11,40,8.5,31.0,1.044,1.266
之前跑呢個程次數,34,113,5,23,4.4,20.3,0.549,0.842
之前跑呢個程次數,35,100,8,17,8.0,17.0,1.0,0.708
之前跑呢個程次數,36,95,6,14,6.3,14.7,0.796,0.619
之前跑呢個程次數,37,76,5,14,6.6,18.4,0.827,0.772
之前跑呢個程次數,38,71,3,7,4.2,9.9,0.524,0.408
之前跑呢個程次數,39,64,6,14,9.4,21.9,1.173,0.912
之前跑呢個程次數,40,55,1,14,1.8,25.4,0.224,1.046
之前跑呢個程次數,41,53,5,11,9.4,20.8,1.166,0.855
之前跑呢個程次數,42,47,3,10,6.4,21.3,0.793,0.882
之前跑呢個程次數,43,45,2,8,4.4,17.8,0.557,0.743
之前跑呢個程次數,45,32,0,2,0.0,6.2,0.0,0.263
騎師與呢隻馬過往合作次數,0,49079,3273,9882,6.7,20.1,0.854,0.863
騎師與呢隻馬過往合作次數,1,23014,1802,5589,7.8,24.3,1.0,1.037
騎師與呢隻馬過往合作次數,2,13327,1244,3532,9.3,26.5,1.191,1.131
騎師與呢隻馬過往合作次數,3,8441,799,2287,9.5,27.1,1.204,1.152
騎師與呢隻馬過往合作次數,4,5666,550,1587,9.7,28.0,1.228,1.185
騎師與呢隻馬過往合作次數,5,4049,401,1156,9.9,28.6,1.247,1.202
騎師與呢隻馬過往合作次數,6,2854,272,797,9.5,27.9,1.192,1.17
騎師與呢隻馬過往合作次數,7,2057,195,597,9.5,29.0,1.182,1.212
騎師與呢隻馬過往合作次數,8,1560,137,436,8.8,28.0,1.08,1.152
騎師與呢隻馬過往合作次數,9,1155,96,284,8.3,24.6,1.024,1.019
騎師與呢隻馬過往合作次數,10,926,74,248,8.0,26.8,0.982,1.101
騎師與呢隻馬過往合作次數,11,717,47,169,6.6,23.6,0.804,0.97
騎師與呢隻馬過往合作次數,12,535,46,117,8.6,21.9,1.072,0.915
騎師與呢隻馬過往合作次數,13,420,35,99,8.3,23.6,1.027,0.975
騎師與呢隻馬過往合作次數,14,363,30,81,8.3,22.3,1.022,0.92
騎師與呢隻馬過往合作次數,15,252,18,58,7.1,23.0,0.866,0.935
騎師與呢隻馬過往合作次數,16,228,16,49,7.0,21.5,0.853,0.876
騎師與呢隻馬過往合作次數,17,184,16,39,8.7,21.2,1.046,0.856
騎師與呢隻馬過往合作次數,18,137,8,27,5.8,19.7,0.708,0.806
騎師與呢隻馬過往合作次數,19,126,10,31,7.9,24.6,0.991,1.03
騎師與呢隻馬過往合作次數,20,82,5,16,6.1,19.5,0.737,0.786
騎師與呢隻馬過往合作次數,21,73,3,16,4.1,21.9,0.496,0.883
騎師與呢隻馬過往合作次數,22,65,3,16,4.6,24.6,0.554,0.985
騎師與呢隻馬過往合作次數,23,48,3,12,6.2,25.0,0.76,1.013
騎師與呢隻馬過往合作次數,24,41,2,9,4.9,22.0,0.595,0.893
騎師與呢隻馬過往合作次數,25,34,2,5,5.9,14.7,0.749,0.624
騎師與呢隻馬過往合作次數,26,32,1,3,3.1,9.4,0.396,0.396
騎師與呢隻馬過往合作次數,27,30,3,6,10.0,20.0,1.233,0.822
騎練拍檔過往合作次數,0,2538,147,460,5.8,18.1,0.736,0.772
騎練拍檔過往合作次數,1,1947,123,369,6.3,19.0,0.81,0.812
騎練拍檔過往合作次數,2,1745,103,355,5.9,20.3,0.763,0.879
騎練拍檔過往合作次數,3,1575,91,325,5.8,20.6,0.747,0.892
騎練拍檔過往合作次數,4,1427,95,310,6.7,21.7,0.858,0.935
騎練拍檔過往合作次數,5,1362,99,288,7.3,21.2,0.941,0.913
騎練拍檔過往合作次數,6,1334,86,281,6.4,21.1,0.83,0.909
騎練拍檔過往合作次數,7,1258,71,255,5.6,20.3,0.731,0.875
騎練拍檔過往合作次數,8,1232,106,289,8.6,23.5,1.107,1.008
騎練拍檔過往合作次數,9,1167,101,280,8.6,24.0,1.122,1.037
騎練拍檔過往合作次數,10,1158,76,254,6.6,21.9,0.847,0.944
騎練拍檔過往合作次數,11,1114,100,272,9.0,24.4,1.147,1.045
騎練拍檔過往合作次數,12,1078,73,233,6.8,21.6,0.87,0.929
騎練拍檔過往合作次數,13,1056,72,232,6.8,22.0,0.881,0.947
騎練拍檔過往合作次數,14,991,69,229,7.0,23.1,0.893,0.991
騎練拍檔過往合作次數,15,977,58,177,5.9,18.1,0.758,0.773
騎練拍檔過往合作次數,16,946,61,210,6.4,22.2,0.833,0.96
騎練拍檔過往合作次數,17,963,65,194,6.8,20.2,0.863,0.866
騎練拍檔過往合作次數,18,916,73,218,8.0,23.8,1.028,1.026
騎練拍檔過往合作次數,19,895,64,212,7.2,23.7,0.909,1.006
騎練拍檔過往合作次數,20,851,68,198,8.0,23.3,1.02,0.996
騎練拍檔過往合作次數,21,856,68,202,7.9,23.6,1.02,1.016
騎練拍檔過往合作次數,22,836,53,173,6.3,20.7,0.812,0.885
騎練拍檔過往合作次數,23,811,63,187,7.8,23.1,0.993,0.985
騎練拍檔過往合作次數,24,802,53,198,6.6,24.7,0.842,1.061
騎練拍檔過往合作次數,25,782,58,179,7.4,22.9,0.93,0.973
騎練拍檔過往合作次數,26,782,58,197,7.4,25.2,0.948,1.078
騎練拍檔過往合作次數,27,789,62,189,7.9,24.0,1.004,1.021
騎練拍檔過往合作次數,28,737,51,157,6.9,21.3,0.885,0.908
騎練拍檔過往合作次數,29,714,47,141,6.6,19.8,0.845,0.847
騎練拍檔過往合作次數,30,714,51,154,7.1,21.6,0.922,0.928
騎練拍檔過往合作次數,31,708,51,168,7.2,23.7,0.925,1.016
騎練拍檔過往合作次數,32,717,54,159,7.5,22.2,0.978,0.962
騎練拍檔過往合作次數,33,721,47,148,6.5,20.5,0.841,0.885
騎練拍檔過往合作次數,34,689,47,149,6.8,21.6,0.882,0.932
騎練拍檔過往合作次數,35,656,42,151,6.4,23.0,0.814,0.977
騎練拍檔過往合作次數,36,649,43,130,6.6,20.0,0.848,0.857
騎練拍檔過往合作次數,37,637,41,137,6.4,21.5,0.816,0.918
騎練拍檔過往合作次數,38,616,46,130,7.5,21.1,0.968,0.913
騎練拍檔過往合作次數,39,631,42,136,6.7,21.6,0.859,0.928
騎練拍檔過往合作次數,40,622,34,124,5.5,19.9,0.701,0.852
騎練拍檔過往合作次數,41,598,48,161,8.0,26.9,1.031,1.153
騎練拍檔過往合作次數,42,601,54,151,9.0,25.1,1.147,1.073
騎練拍檔過往合作次數,43,608,41,125,6.7,20.6,0.861,0.878
騎練拍檔過往合作次數,44,578,48,131,8.3,22.7,1.06,0.967
騎練拍檔過往合作次數,45,548,43,137,7.8,25.0,0.997,1.062
騎練拍檔過往合作次數,46,569,35,129,6.2,22.7,0.793,0.976
騎練拍檔過往合作次數,47,534,37,123,6.9,23.0,0.89,0.986
騎練拍檔過往合作次數,48,552,46,144,8.3,26.1,1.071,1.12
騎練拍檔過往合作次數,49,514,39,120,7.6,23.4,0.967,0.995
騎練拍檔過往合作次數,50,542,33,107,6.1,19.7,0.785,0.85
騎練拍檔過往合作次數,51,517,45,132,8.7,25.5,1.108,1.085
騎練拍檔過往合作次數,52,485,36,93,7.4,19.2,0.953,0.823
騎練拍檔過往合作次數,53,490,33,108,6.7,22.0,0.862,0.949
騎練拍檔過往合作次數,54,488,32,111,6.6,22.8,0.835,0.972
騎練拍檔過往合作次數,55,493,45,115,9.1,23.3,1.172,0.998
騎練拍檔過往合作次數,56,489,50,125,10.2,25.6,1.317,1.097
騎練拍檔過往合作次數,57,466,38,110,8.2,23.6,1.038,1.005
騎練拍檔過往合作次數,58,468,28,100,6.0,21.4,0.769,0.917
騎練拍檔過往合作次數,59,473,33,107,7.0,22.6,0.889,0.968
騎練拍檔過往合作次數,60,443,31,105,7.0,23.7,0.894,1.013
騎練拍檔過往合作次數,61,465,29,113,6.2,24.3,0.797,1.039
騎練拍檔過往合作次數,62,460,37,104,8.0,22.6,1.031,0.969
騎練拍檔過往合作次數,63,434,33,96,7.6,22.1,0.965,0.938
騎練拍檔過往合作次數,64,409,34,91,8.3,22.2,1.055,0.947
騎練拍檔過往合作次數,65,411,25,89,6.1,21.6,0.778,0.927
騎練拍檔過往合作次數,66,412,34,81,8.2,19.7,1.058,0.842
騎練拍檔過往合作次數,67,412,38,105,9.2,25.5,1.17,1.079
騎練拍檔過往合作次數,68,415,33,96,8.0,23.1,1.015,0.986
騎練拍檔過往合作次數,69,403,29,87,7.2,21.6,0.907,0.915
騎練拍檔過往合作次數,70,429,33,101,7.7,23.5,0.984,1.01
騎練拍檔過往合作次數,71,414,29,84,7.0,20.3,0.899,0.868
騎練拍檔過往合作次數,72,409,41,97,10.0,23.7,1.289,1.018
騎練拍檔過往合作次數,73,400,36,95,9.0,23.8,1.146,1.01
騎練拍檔過往合作次數,74,400,22,85,5.5,21.2,0.697,0.906
騎練拍檔過往合作次數,75,394,30,92,7.6,23.4,0.968,0.992
騎練拍檔過往合作次數,76,385,29,90,7.5,23.4,0.962,0.995
騎練拍檔過往合作次數,77,367,24,87,6.5,23.7,0.832,1.009
騎練拍檔過往合作次數,78,394,32,77,8.1,19.5,1.038,0.833
騎練拍檔過往合作次數,79,390,37,104,9.5,26.7,1.206,1.132
騎練拍檔過往合作次數,80,372,23,82,6.2,22.0,0.782,0.934
騎練拍檔過往合作次數,81,365,26,83,7.1,22.7,0.905,0.975
騎練拍檔過往合作次數,82,346,22,73,6.4,21.1,0.803,0.89
騎練拍檔過往合作次數,83,365,23,70,6.3,19.2,0.802,0.814
騎練拍檔過往合作次數,84,356,25,75,7.0,21.1,0.896,0.901
騎練拍檔過往合作次數,85,342,26,87,7.6,25.4,0.956,1.073
騎練拍檔過往合作次數,86,340,22,83,6.5,24.4,0.817,1.032
騎練拍檔過往合作次數,87,333,21,72,6.3,21.6,0.81,0.931
騎練拍檔過往合作次數,88,342,31,76,9.1,22.2,1.141,0.934
騎練拍檔過往合作次數,89,327,20,71,6.1,21.7,0.777,0.92
騎練拍檔過往合作次數,90,331,21,72,6.3,21.8,0.801,0.917
騎練拍檔過往合作次數,91,336,26,71,7.7,21.1,0.992,0.907
騎練拍檔過往合作次數,92,344,27,77,7.8,22.4,0.987,0.939
騎練拍檔過往合作次數,93,354,22,71,6.2,20.1,0.791,0.854
騎練拍檔過往合作次數,94,302,23,65,7.6,21.5,0.966,0.914
騎練拍檔過往合作次數,95,313,26,69,8.3,22.0,1.054,0.939
騎練拍檔過往合作次數,96,310,15,65,4.8,21.0,0.613,0.897
騎練拍檔過往合作次數,97,326,38,98,11.7,30.1,1.47,1.27
騎練拍檔過往合作次數,98,292,17,66,5.8,22.6,0.734,0.953
騎練拍檔過往合作次數,99,315,30,81,9.5,25.7,1.22,1.101
騎練拍檔過往合作次數,100,288,26,73,9.0,25.4,1.16,1.085
騎練拍檔過往合作次數,101,307,15,64,4.9,20.8,0.619,0.882
騎練拍檔過往合作次數,102,294,22,74,7.5,25.2,0.959,1.08
騎練拍檔過往合作次數,103,294,24,78,8.2,26.5,1.037,1.126
騎練拍檔過往合作次數,104,277,25,66,9.0,23.8,1.152,1.013
騎練拍檔過往合作次數,105,294,18,62,6.1,21.1,0.778,0.893
騎練拍檔過往合作次數,106,300,18,62,6.0,20.7,0.758,0.872
騎練拍檔過往合作次數,107,276,22,68,8.0,24.6,0.992,1.033
騎練拍檔過往合作次數,108,292,22,68,7.5,23.3,0.937,0.973
騎練拍檔過往合作次數,109,284,21,82,7.4,28.9,0.937,1.225
騎練拍檔過往合作次數,110,304,25,75,8.2,24.7,1.054,1.054
騎練拍檔過往合作次數,111,280,24,59,8.6,21.1,1.096,0.9
騎練拍檔過往合作次數,112,282,14,59,5.0,20.9,0.64,0.899
騎練拍檔過往合作次數,113,290,26,70,9.0,24.1,1.154,1.039
騎練拍檔過往合作次數,114,280,20,62,7.1,22.1,0.906,0.936
騎練拍檔過往合作次數,115,266,21,57,7.9,21.4,0.995,0.905
騎練拍檔過往合作次數,116,273,18,66,6.6,24.2,0.838,1.027
騎練拍檔過往合作次數,117,248,17,54,6.8,21.8,0.863,0.916
騎練拍檔過往合作次數,118,261,18,54,6.9,20.7,0.883,0.883
騎練拍檔過往合作次數,119,271,16,57,5.9,21.0,0.75,0.896
騎練拍檔過往合作次數,120,269,20,58,7.4,21.6,0.947,0.918
騎練拍檔過往合作次數,121,247,18,49,7.3,19.8,0.921,0.841
騎練拍檔過往合作次數,122,257,24,66,9.3,25.7,1.183,1.087
騎練拍檔過往合作次數,123,258,22,51,8.5,19.8,1.083,0.839
騎練拍檔過往合作次數,124,258,18,65,7.0,25.2,0.872,1.052
騎練拍檔過往合作次數,125,245,25,74,10.2,30.2,1.28,1.267
騎練拍檔過往合作次數,126,246,13,52,5.3,21.1,0.67,0.896
騎練拍檔過往合作次數,127,232,18,57,7.8,24.6,0.987,1.042
騎練拍檔過往合作次數,128,217,17,54,7.8,24.9,0.984,1.045
騎練拍檔過往合作次數,129,228,19,54,8.3,23.7,1.068,1.012
騎練拍檔過往合作次數,130,222,23,59,10.4,26.6,1.321,1.137
騎練拍檔過往合作次數,131,223,20,57,9.0,25.6,1.128,1.075
騎練拍檔過往合作次數,132,214,18,50,8.4,23.4,1.056,0.981
騎練拍檔過往合作次數,133,226,21,60,9.3,26.6,1.17,1.118
騎練拍檔過往合作次數,134,218,17,51,7.8,23.4,0.984,0.994
騎練拍檔過往合作次數,135,207,12,44,5.8,21.3,0.757,0.925
騎練拍檔過往合作次數,136,222,22,54,9.9,24.3,1.267,1.04
騎練拍檔過往合作次數,137,207,22,48,10.6,23.2,1.329,0.976
騎練拍檔過往合作次數,138,199,13,47,6.5,23.6,0.844,1.017
騎練拍檔過往合作次數,139,203,18,52,8.9,25.6,1.116,1.074
騎練拍檔過往合作次數,140,211,18,54,8.5,25.6,1.087,1.087
騎練拍檔過往合作次數,141,198,16,49,8.1,24.8,1.028,1.049
騎練拍檔過往合作次數,142,217,10,48,4.6,22.1,0.576,0.925
騎練拍檔過往合作次數,143,197,22,56,11.2,28.4,1.403,1.2
騎練拍檔過往合作次數,144,199,21,51,10.5,25.6,1.311,1.094
騎練拍檔過往合作次數,145,204,19,53,9.3,26.0,1.177,1.103
騎練拍檔過往合作次數,146,208,16,45,7.7,21.6,0.973,0.919
騎練拍檔過往合作次數,147,207,17,57,8.2,27.5,1.043,1.17
騎練拍檔過往合作次數,148,194,10,38,5.1,19.6,0.655,0.83
騎練拍檔過往合作次數,149,190,19,42,10.0,22.1,1.281,0.96
騎練拍檔過往合作次數,150,181,13,35,7.2,19.3,0.907,0.824
騎練拍檔過往合作次數,151,206,8,47,3.9,22.8,0.493,0.965
騎練拍檔過往合作次數,152,203,18,56,8.9,27.6,1.118,1.159
騎練拍檔過往合作次數,153,186,20,57,10.8,30.6,1.392,1.322
騎練拍檔過往合作次數,154,185,20,56,10.8,30.3,1.333,1.254
騎練拍檔過往合作次數,155,188,15,52,8.0,27.7,1.034,1.199
騎練拍檔過往合作次數,156,202,17,52,8.4,25.7,1.065,1.09
騎練拍檔過往合作次數,157,179,9,51,5.0,28.5,0.625,1.184
騎練拍檔過往合作次數,158,183,20,49,10.9,26.8,1.393,1.152
騎練拍檔過往合作次數,159,175,19,49,10.9,28.0,1.392,1.202
騎練拍檔過往合作次數,160,178,13,54,7.3,30.3,0.908,1.268
騎練拍檔過往合作次數,161,182,13,47,7.1,25.8,0.911,1.097
騎練拍檔過往合作次數,162,155,16,43,10.3,27.7,1.308,1.171
騎練拍檔過往合作次數,163,180,11,34,6.1,18.9,0.786,0.81
騎練拍檔過往合作次數,164,171,17,46,9.9,26.9,1.25,1.133
騎練拍檔過往合作次數,165,180,16,44,8.9,24.4,1.132,1.043
騎練拍檔過往合作次數,166,159,11,34,6.9,21.4,0.87,0.896
騎練拍檔過往合作次數,167,170,11,41,6.5,24.1,0.81,1.01
騎練拍檔過往合作次數,168,164,17,45,10.4,27.4,1.287,1.141
騎練拍檔過往合作次數,169,160,14,33,8.8,20.6,1.093,0.863
騎練拍檔過往合作次數,170,167,14,36,8.4,21.6,1.049,0.906
騎練拍檔過往合作次數,171,152,18,37,11.8,24.3,1.524,1.044
騎練拍檔過往合作次數,172,164,12,40,7.3,24.4,0.917,1.032
騎練拍檔過往合作次數,173,164,16,40,9.8,24.4,1.24,1.047
騎練拍檔過往合作次數,174,155,12,51,7.7,32.9,0.972,1.383
騎練拍檔過往合作次數,175,155,6,36,3.9,23.2,0.495,0.99
騎練拍檔過往合作次數,176,147,18,39,12.2,26.5,1.562,1.139
騎練拍檔過往合作次數,177,157,12,39,7.6,24.8,0.985,1.068
騎練拍檔過往合作次數,178,161,16,40,9.9,24.8,1.247,1.044
騎練拍檔過往合作次數,179,154,11,35,7.1,22.7,0.897,0.952
騎練拍檔過往合作次數,180,160,14,44,8.8,27.5,1.11,1.168
騎練拍檔過往合作次數,181,156,12,43,7.7,27.6,0.956,1.147
騎練拍檔過往合作次數,182,170,10,47,5.9,27.6,0.736,1.157
騎練拍檔過往合作次數,183,160,15,51,9.4,31.9,1.203,1.364
騎練拍檔過往合作次數,184,153,22,45,14.4,29.4,1.847,1.259
騎練拍檔過往合作次數,185,147,12,44,8.2,29.9,1.033,1.263
騎練拍檔過往合作次數,186,164,18,44,11.0,26.8,1.416,1.164
騎練拍檔過往合作次數,187,141,12,30,8.5,21.3,1.066,0.889
騎練拍檔過往合作次數,188,144,11,38,7.6,26.4,0.957,1.107
騎練拍檔過往合作次數,189,152,13,39,8.6,25.7,1.073,1.073
騎練拍檔過往合作次數,190,142,14,41,9.9,28.9,1.254,1.23
騎練拍檔過往合作次數,191,154,12,35,7.8,22.7,0.976,0.949
騎練拍檔過往合作次數,192,141,8,19,5.7,13.5,0.721,0.571
騎練拍檔過往合作次數,193,141,9,32,6.4,22.7,0.822,0.974
騎練拍檔過往合作次數,194,127,15,30,11.8,23.6,1.502,1.007
騎練拍檔過往合作次數,195,136,14,37,10.3,27.2,1.252,1.114
騎練拍檔過往合作次數,196,139,9,29,6.5,20.9,0.817,0.878
騎練拍檔過往合作次數,197,129,13,33,10.1,25.6,1.256,1.063
騎練拍檔過往合作次數,198,132,10,46,7.6,34.8,0.926,1.42
騎練拍檔過往合作次數,199,138,16,40,11.6,29.0,1.417,1.199
騎練拍檔過往合作次數,200,121,7,24,5.8,19.8,0.732,0.836
騎練拍檔過往合作次數,201,129,3,30,2.3,23.3,0.295,0.983
騎練拍檔過往合作次數,202,136,6,29,4.4,21.3,0.561,0.904
騎練拍檔過往合作次數,203,133,8,27,6.0,20.3,0.759,0.853
騎練拍檔過往合作次數,204,129,12,36,9.3,27.9,1.144,1.157
騎練拍檔過往合作次數,205,133,8,27,6.0,20.3,0.751,0.849
騎練拍檔過往合作次數,206,146,17,43,11.6,29.4,1.444,1.23
騎練拍檔過往合作次數,207,127,8,26,6.3,20.5,0.772,0.846
騎練拍檔過往合作次數,208,111,10,32,9.0,28.8,1.119,1.218
騎練拍檔過往合作次數,209,124,14,29,11.3,23.4,1.414,0.982
騎練拍檔過往合作次數,210,128,10,25,7.8,19.5,0.959,0.813
騎練拍檔過往合作次數,211,129,9,34,7.0,26.4,0.881,1.11
騎練拍檔過往合作次數,212,128,11,36,8.6,28.1,1.061,1.164
騎練拍檔過往合作次數,213,131,9,35,6.9,26.7,0.865,1.127
騎練拍檔過往合作次數,214,127,8,33,6.3,26.0,0.786,1.087
騎練拍檔過往合作次數,215,127,9,40,7.1,31.5,0.877,1.306
騎練拍檔過往合作次數,216,141,13,46,9.2,32.6,1.134,1.344
騎練拍檔過往合作次數,217,133,23,44,17.3,33.1,2.186,1.394
騎練拍檔過往合作次數,218,111,7,28,6.3,25.2,0.785,1.053
騎練拍檔過往合作次數,219,105,11,30,10.5,28.6,1.276,1.169
騎練拍檔過往合作次數,220,118,9,30,7.6,25.4,0.94,1.044
騎練拍檔過往合作次數,221,126,11,37,8.7,29.4,1.096,1.236
騎練拍檔過往合作次數,222,120,4,28,3.3,23.3,0.424,0.995
騎練拍檔過往合作次數,223,109,15,32,13.8,29.4,1.708,1.215
騎練拍檔過往合作次數,224,109,8,22,7.3,20.2,0.953,0.874
騎練拍檔過往合作次數,225,122,8,24,6.6,19.7,0.808,0.812
騎練拍檔過往合作次數,226,102,8,22,7.8,21.6,0.967,0.9
騎練拍檔過往合作次數,227,115,9,25,7.8,21.7,0.98,0.913
騎練拍檔過往合作次數,228,107,9,22,8.4,20.6,1.043,0.85
騎練拍檔過往合作次數,229,104,8,30,7.7,28.8,0.956,1.204
騎練拍檔過往合作次數,230,107,8,27,7.5,25.2,0.941,1.059
騎練拍檔過往合作次數,231,113,7,22,6.2,19.5,0.772,0.814
騎練拍檔過往合作次數,232,113,18,30,15.9,26.6,1.991,1.113
騎練拍檔過往合作次數,233,113,11,29,9.7,25.7,1.208,1.061
騎練拍檔過往合作次數,234,109,12,27,11.0,24.8,1.371,1.028
騎練拍檔過往合作次數,235,103,7,25,6.8,24.3,0.849,1.024
騎練拍檔過往合作次數,236,106,10,28,9.4,26.4,1.156,1.086
騎練拍檔過往合作次數,237,102,8,29,7.8,28.4,0.974,1.185
騎練拍檔過往合作次數,238,109,8,21,7.3,19.3,0.932,0.816
騎練拍檔過往合作次數,239,97,8,21,8.2,21.6,1.039,0.916
騎練拍檔過往合作次數,240,108,8,23,7.4,21.3,0.931,0.91
騎練拍檔過往合作次數,241,104,9,32,8.6,30.8,1.077,1.276
騎練拍檔過往合作次數,242,110,11,28,10.0,25.4,1.233,1.054
騎練拍檔過往合作次數,243,102,14,32,13.7,31.4,1.782,1.357
騎練拍檔過往合作次數,244,103,8,33,7.8,32.0,0.973,1.338
騎練拍檔過往合作次數,245,98,14,32,14.3,32.6,1.763,1.343
騎練拍檔過往合作次數,246,104,11,29,10.6,27.9,1.324,1.163
騎練拍檔過往合作次數,247,103,8,26,7.8,25.2,0.964,1.067
騎練拍檔過往合作次數,248,105,8,24,7.6,22.9,0.921,0.927
騎練拍檔過往合作次數,249,108,7,26,6.5,24.1,0.804,0.995
騎練拍檔過往合作次數,250,105,7,25,6.7,23.8,0.847,1.009
騎練拍檔過往合作次數,251,94,8,21,8.5,22.3,1.066,0.941
騎練拍檔過往合作次數,252,105,7,22,6.7,21.0,0.858,0.906
騎練拍檔過往合作次數,253,97,5,23,5.1,23.7,0.656,1.005
騎練拍檔過往合作次數,254,99,10,29,10.1,29.3,1.28,1.238
騎練拍檔過往合作次數,255,102,5,28,4.9,27.4,0.629,1.175
騎練拍檔過往合作次數,256,95,7,23,7.4,24.2,0.932,1.028
騎練拍檔過往合作次數,257,96,8,26,8.3,27.1,1.064,1.162
騎練拍檔過往合作次數,258,107,10,25,9.4,23.4,1.191,0.992
騎練拍檔過往合作次數,259,97,10,24,10.3,24.7,1.309,1.047
騎練拍檔過往合作次數,260,90,13,27,14.4,30.0,1.874,1.297
騎練拍檔過往合作次數,261,84,13,26,15.5,31.0,1.963,1.309
騎練拍檔過往合作次數,262,98,10,25,10.2,25.5,1.302,1.085
騎練拍檔過往合作次數,263,102,1,27,1.0,26.5,0.124,1.117
騎練拍檔過往合作次數,264,97,9,23,9.3,23.7,1.109,0.99
騎練拍檔過往合作次數,265,94,10,25,10.6,26.6,1.387,1.156
騎練拍檔過往合作次數,266,96,7,24,7.3,25.0,0.931,1.064
騎練拍檔過往合作次數,267,97,8,23,8.2,23.7,1.019,0.99
騎練拍檔過往合作次數,268,98,10,22,10.2,22.4,1.258,0.929
騎練拍檔過往合作次數,269,90,6,22,6.7,24.4,0.849,1.038
騎練拍檔過往合作次數,270,90,6,21,6.7,23.3,0.818,0.954
騎練拍檔過往合作次數,271,104,7,27,6.7,26.0,0.867,1.115
騎練拍檔過往合作次數,272,85,8,22,9.4,25.9,1.196,1.097
騎練拍檔過往合作次數,273,90,8,21,8.9,23.3,1.116,0.976
騎練拍檔過往合作次數,274,91,9,28,9.9,30.8,1.242,1.289
騎練拍檔過往合作次數,275,88,13,30,14.8,34.1,1.81,1.403
騎練拍檔過往合作次數,276,94,7,24,7.4,25.5,0.947,1.083
騎練拍檔過往合作次數,277,89,9,17,10.1,19.1,1.301,0.819
騎練拍檔過往合作次數,278,82,3,22,3.7,26.8,0.453,1.108
騎練拍檔過往合作次數,279,88,15,23,17.0,26.1,2.151,1.108
騎練拍檔過往合作次數,280,80,4,18,5.0,22.5,0.628,0.942
騎練拍檔過往合作次數,281,84,6,20,7.1,23.8,0.871,0.968
騎練拍檔過往合作次數,282,75,10,26,13.3,34.7,1.71,1.482
騎練拍檔過往合作次數,283,85,9,29,10.6,34.1,1.325,1.423
騎練拍檔過往合作次數,284,82,4,20,4.9,24.4,0.613,1.022
騎練拍檔過往合作次數,285,82,6,18,7.3,22.0,0.943,0.943
騎練拍檔過往合作次數,286,75,9,19,12.0,25.3,1.491,1.049
騎練拍檔過往合作次數,287,97,10,20,10.3,20.6,1.284,0.856
騎練拍檔過往合作次數,288,75,3,17,4.0,22.7,0.514,0.97
騎練拍檔過往合作次數,289,80,10,22,12.5,27.5,1.577,1.156
騎練拍檔過往合作次數,290,82,8,18,9.8,22.0,1.22,0.922
騎練拍檔過往合作次數,291,73,8,16,11.0,21.9,1.399,0.933
騎練拍檔過往合作次數,292,76,7,18,9.2,23.7,1.162,1.006
騎練拍檔過往合作次數,293,72,3,13,4.2,18.1,0.535,0.773
騎練拍檔過往合作次數,294,74,5,24,6.8,32.4,0.836,1.35
騎練拍檔過往合作次數,295,83,3,21,3.6,25.3,0.455,1.062
騎練拍檔過往合作次數,296,84,4,22,4.8,26.2,0.612,1.122
騎練拍檔過往合作次數,297,81,8,21,9.9,25.9,1.26,1.103
騎練拍檔過往合作次數,298,73,5,19,6.8,26.0,0.882,1.129
騎練拍檔過往合作次數,299,68,5,18,7.4,26.5,0.938,1.125
騎練拍檔過往合作次數,300,70,9,21,12.9,30.0,1.573,1.238
騎練拍檔過往合作次數,301,75,10,21,13.3,28.0,1.681,1.177
騎練拍檔過往合作次數,302,72,10,18,13.9,25.0,1.725,1.035
騎練拍檔過往合作次數,303,66,7,19,10.6,28.8,1.372,1.241
騎練拍檔過往合作次數,304,68,7,15,10.3,22.1,1.319,0.942
騎練拍檔過往合作次數,305,65,9,18,13.8,27.7,1.661,1.119
騎練拍檔過往合作次數,306,71,7,16,9.9,22.5,1.237,0.943
騎練拍檔過往合作次數,307,67,6,15,9.0,22.4,1.149,0.957
騎練拍檔過往合作次數,308,72,5,13,6.9,18.1,0.878,0.761
騎練拍檔過往合作次數,309,77,6,18,7.8,23.4,0.974,0.984
騎練拍檔過往合作次數,310,74,6,17,8.1,23.0,1.013,0.966
騎練拍檔過往合作次數,311,72,5,14,6.9,19.4,0.875,0.816
騎練拍檔過往合作次數,312,66,3,16,4.6,24.2,0.565,1.015
騎練拍檔過往合作次數,313,77,6,19,7.8,24.7,1.007,1.063
騎練拍檔過往合作次數,314,67,4,17,6.0,25.4,0.732,1.058
騎練拍檔過往合作次數,315,76,6,17,7.9,22.4,0.976,0.932
騎練拍檔過往合作次數,316,77,8,18,10.4,23.4,1.308,0.981
騎練拍檔過往合作次數,317,64,4,17,6.2,26.6,0.815,1.154
騎練拍檔過往合作次數,318,68,4,18,5.9,26.5,0.752,1.128
騎練拍檔過往合作次數,319,75,6,16,8.0,21.3,1.011,0.899
騎練拍檔過往合作次數,320,77,7,16,9.1,20.8,1.124,0.866
騎練拍檔過往合作次數,321,67,8,21,11.9,31.3,1.472,1.301
騎練拍檔過往合作次數,322,68,6,16,8.8,23.5,1.069,0.969
騎練拍檔過往合作次數,323,72,6,14,8.3,19.4,1.042,0.81
騎練拍檔過往合作次數,324,73,4,15,5.5,20.5,0.706,0.883
騎練拍檔過往合作次數,325,65,4,18,6.2,27.7,0.774,1.161
騎練拍檔過往合作次數,326,59,5,11,8.5,18.6,1.085,0.796
騎練拍檔過往合作次數,327,67,6,14,9.0,20.9,1.164,0.905
騎練拍檔過往合作次數,328,64,8,19,12.5,29.7,1.613,1.291
騎練拍檔過往合作次數,329,63,5,15,7.9,23.8,1.008,1.022
騎練拍檔過往合作次數,330,66,6,15,9.1,22.7,1.14,0.96
騎練拍檔過往合作次數,331,60,6,17,10.0,28.3,1.285,1.214
騎練拍檔過往合作次數,332,59,6,14,10.2,23.7,1.311,1.019
騎練拍檔過往合作次數,333,66,2,13,3.0,19.7,0.378,0.82
騎練拍檔過往合作次數,334,70,5,15,7.1,21.4,0.892,0.892
騎練拍檔過往合作次數,335,59,4,13,6.8,22.0,0.889,0.963
騎練拍檔過往合作次數,336,53,4,15,7.6,28.3,0.993,1.241
騎練拍檔過往合作次數,337,63,5,14,7.9,22.2,1.017,0.95
騎練拍檔過往合作次數,338,63,3,12,4.8,19.0,0.595,0.794
騎練拍檔過往合作次數,339,58,6,19,10.3,32.8,1.33,1.404
騎練拍檔過往合作次數,340,72,7,14,9.7,19.4,1.225,0.817
騎練拍檔過往合作次數,341,71,16,20,22.5,28.2,2.857,1.191
騎練拍檔過往合作次數,342,71,10,20,14.1,28.2,1.799,1.211
騎練拍檔過往合作次數,343,70,8,17,11.4,24.3,1.463,1.037
騎練拍檔過往合作次數,344,63,5,17,7.9,27.0,1.002,1.148
騎練拍檔過往合作次數,345,64,6,20,9.4,31.2,1.197,1.33
騎練拍檔過往合作次數,346,58,4,11,6.9,19.0,0.89,0.816
騎練拍檔過往合作次數,347,57,7,18,12.3,31.6,1.598,1.37
騎練拍檔過往合作次數,348,68,6,19,8.8,27.9,1.119,1.181
騎練拍檔過往合作次數,349,62,9,20,14.5,32.3,1.872,1.387
騎練拍檔過往合作次數,350,62,6,12,9.7,19.4,1.205,0.814
騎練拍檔過往合作次數,351,57,3,17,5.3,29.8,0.624,1.263
騎練拍檔過往合作次數,352,56,3,12,5.4,21.4,0.682,0.923
騎練拍檔過往合作次數,353,62,9,16,14.5,25.8,1.85,1.096
騎練拍檔過往合作次數,354,59,6,14,10.2,23.7,1.239,0.975
騎練拍檔過往合作次數,356,54,3,12,5.6,22.2,0.704,0.951
騎練拍檔過往合作次數,357,56,9,21,16.1,37.5,2.06,1.602
騎練拍檔過往合作次數,358,55,6,12,10.9,21.8,1.316,0.878
騎練拍檔過往合作次數,359,59,8,13,13.6,22.0,1.739,0.942
騎練拍檔過往合作次數,360,52,6,11,11.5,21.2,1.417,0.88
騎練拍檔過往合作次數,361,57,7,13,12.3,22.8,1.515,0.949
騎練拍檔過往合作次數,362,56,5,17,8.9,30.4,1.15,1.303
騎練拍檔過往合作次數,363,63,5,15,7.9,23.8,1.008,1.019
騎練拍檔過往合作次數,364,50,6,13,12.0,26.0,1.42,1.056
騎練拍檔過往合作次數,367,51,4,16,7.8,31.4,1.04,1.387
騎練拍檔過往合作次數,368,55,4,12,7.3,21.8,0.902,0.914
騎練拍檔過往合作次數,369,56,4,22,7.1,39.3,0.895,1.641
騎練拍檔過往合作次數,370,50,7,13,14.0,26.0,1.753,1.085
騎練拍檔過往合作次數,371,51,6,14,11.8,27.4,1.452,1.129
騎練拍檔過往合作次數,372,51,3,13,5.9,25.5,0.75,1.084
騎練拍檔過往合作次數,373,58,5,18,8.6,31.0,1.101,1.322
騎練拍檔過往合作次數,374,50,5,10,10.0,20.0,1.267,0.857
騎練拍檔過往合作次數,377,51,6,14,11.8,27.4,1.468,1.142
騎練拍檔過往合作次數,380,57,4,14,7.0,24.6,0.879,1.025
騎練拍檔過往合作次數,383,53,5,17,9.4,32.1,1.184,1.342
騎練拍檔過往合作次數,403,50,5,9,10.0,18.0,1.278,0.767
騎練拍檔過往合作次數,404,51,7,14,13.7,27.4,1.698,1.132
going 場地狀況,GOOD,75179,5934,17722,7.9,23.6,1.002,1.001
going 場地狀況,GOOD TO FIRM,29018,2256,6738,7.8,23.2,1.002,1.001
going 場地狀況,GOOD TO YIELDING,4866,385,1149,7.9,23.6,1.003,1.002
going 場地狀況,WET SLOW,2284,184,552,8.1,24.2,1.0,1.0
going 場地狀況,YIELDING,1695,133,396,7.8,23.4,1.0,1.003
going 場地狀況,FAST,1176,94,282,8.0,24.0,1.0,1.0
going 場地狀況,SOFT,507,40,120,7.9,23.7,1.0,1.0
going 場地狀況,WET FAST,351,29,87,8.3,24.8,1.0,1.0
going 場地狀況,YIELDING TO SOFT,266,21,62,7.9,23.3,1.0,1.0
going 場地狀況,SLOW,187,15,45,8.0,24.1,1.0,1.0
going 場地狀況,SEALED,50,4,12,8.0,24.0,1.0,1.0
rail 欄位,A,23644,1827,5465,7.7,23.1,1.001,1.001
rail 欄位,C+3,19316,1516,4518,7.8,23.4,1.003,1.001
rail 欄位,C,17741,1404,4185,7.9,23.6,1.002,1.001
rail 欄位,B+2,14320,1107,3311,7.7,23.1,1.001,1.001
rail 欄位,A+3,13326,1035,3098,7.8,23.2,1.0,1.001
rail 欄位,B,7741,616,1831,8.0,23.6,1.002,1.002
surface 場地,TURF,96088,7505,22408,7.8,23.3,1.002,1.001
surface 場地,ALL WEATHER TRACK,19517,1592,4763,8.2,24.4,1.002,1.0
班次,Class 4,43689,3317,9952,7.6,22.8,1.001,1.001
班次,Class 3,34731,2695,8074,7.8,23.2,1.002,1.001
班次,Class 5,15055,1137,3405,7.6,22.6,1.002,1.0
班次,Class 2,10961,896,2676,8.2,24.4,1.002,1.001
班次,Class 1,2886,264,763,9.2,26.4,1.008,1.001
班次,Group One,1840,176,521,9.6,28.3,1.0,1.002
班次,Hong Kong Group Three,1056,91,272,8.6,25.8,1.0,1.004
班次,Group Three,1002,110,316,11.0,31.5,1.0,1.003
班次,Griffin Race,954,105,286,11.0,30.0,1.0,1.0
班次,Group Two,896,90,264,10.0,29.5,1.011,1.004
班次,Hong Kong Group One,689,61,183,8.8,26.6,1.0,1.005
班次,Class 4 (Restricted),493,40,120,8.1,24.3,1.0,1.0
班次,Hong Kong Group Two,369,34,101,9.2,27.4,1.0,1.0
班次,4 Year Olds,357,27,81,7.6,22.7,1.0,1.0
班次,Restricted Race,176,19,52,10.8,29.6,1.0,1.0
班次,Class 4 (Special Condition),112,8,24,7.1,21.4,1.0,1.0
班次,Class 4 (Bonus Prize Money),78,6,18,7.7,23.1,1.0,1.0
班次,Class 3 (Restricted),70,5,15,7.1,21.4,1.0,1.0
班次,Class 3 (Bonus Prize Money),53,4,12,7.6,22.6,1.0,1.0
班次,3 YEAR OLDS AND UPWARDS,49,5,15,10.2,30.6,1.0,1.0
班次,GROUP-3,42,3,9,7.1,21.4,1.0,1.0
休息日數(逐7日),0-6日,946,84,230,8.9,24.3,1.137,1.039
休息日數(逐7日),7-13日,10719,729,2402,6.8,22.4,0.869,0.956
休息日數(逐7日),14-20日,23529,1759,5443,7.5,23.1,0.958,0.991
休息日數(逐7日),21-27日,25761,2172,6391,8.4,24.8,1.074,1.058
休息日數(逐7日),28-34日,15641,1348,3995,8.6,25.5,1.103,1.093
休息日數(逐7日),35-41日,8118,716,2060,8.8,25.4,1.131,1.088
休息日數(逐7日),42-48日,4207,344,1051,8.2,25.0,1.038,1.061
休息日數(逐7日),49-55日,2649,192,643,7.2,24.3,0.917,1.027
休息日數(逐7日),56-62日,1942,148,453,7.6,23.3,0.954,0.978
休息日數(逐7日),63-69日,1981,149,473,7.5,23.9,0.933,0.99
休息日數(逐7日),70-76日,1711,132,397,7.7,23.2,0.949,0.955
休息日數(逐7日),77-83日,1506,115,341,7.6,22.6,0.951,0.943
休息日數(逐7日),84+日,9351,702,1973,7.5,21.1,0.943,0.885
"休息日數(逐日,首28日)",3日,118,9,31,7.6,26.3,0.979,1.124
"休息日數(逐日,首28日)",4日,210,19,58,9.0,27.6,1.135,1.159
"休息日數(逐日,首28日)",5日,66,9,19,13.6,28.8,1.802,1.268
"休息日數(逐日,首28日)",6日,552,47,122,8.5,22.1,1.094,0.947
"休息日數(逐日,首28日)",7日,1482,105,371,7.1,25.0,0.894,1.058
"休息日數(逐日,首28日)",8日,673,45,147,6.7,21.8,0.862,0.941
"休息日數(逐日,首28日)",9日,311,24,77,7.7,24.8,0.993,1.065
"休息日數(逐日,首28日)",10日,1658,103,326,6.2,19.7,0.781,0.826
"休息日數(逐日,首28日)",11日,3022,172,587,5.7,19.4,0.726,0.827
"休息日數(逐日,首28日)",12日,608,45,154,7.4,25.3,0.961,1.096
"休息日數(逐日,首28日)",13日,2965,235,740,7.9,25.0,1.023,1.076
"休息日數(逐日,首28日)",14日,7498,581,1781,7.8,23.8,0.988,1.012
"休息日數(逐日,首28日)",15日,3338,260,804,7.8,24.1,1.013,1.049
"休息日數(逐日,首28日)",16日,726,73,174,10.1,24.0,1.314,1.045
"休息日數(逐日,首28日)",17日,2639,194,595,7.4,22.6,0.926,0.949
"休息日數(逐日,首28日)",18日,4883,286,954,5.9,19.5,0.755,0.841
"休息日數(逐日,首28日)",19日,927,66,206,7.1,22.2,0.91,0.953
"休息日數(逐日,首28日)",20日,3518,299,929,8.5,26.4,1.09,1.131
"休息日數(逐日,首28日)",21日,12071,1070,3146,8.9,26.1,1.116,1.1
"休息日數(逐日,首28日)",22日,3438,294,846,8.6,24.6,1.103,1.061
"休息日數(逐日,首28日)",23日,972,79,248,8.1,25.5,1.046,1.097
"休息日數(逐日,首28日)",24日,2231,173,497,7.8,22.3,0.991,0.95
"休息日數(逐日,首28日)",25日,3865,258,819,6.7,21.2,0.859,0.913
"休息日數(逐日,首28日)",26日,761,66,180,8.7,23.6,1.117,1.02
"休息日數(逐日,首28日)",27日,2423,232,655,9.6,27.0,1.234,1.166
"休息日數(逐日,首28日)",28+日,47106,3846,11386,8.2,24.2,1.035,1.025
負磅(磅),108-109lb,794,31,116,3.9,14.6,0.502,0.628
負磅(磅),110-111lb,1965,94,294,4.8,15.0,0.622,0.649
負磅(磅),112-113lb,4243,176,654,4.2,15.4,0.526,0.653
負磅(磅),114-115lb,6619,395,1295,6.0,19.6,0.759,0.833
負磅(磅),116-117lb,8034,530,1649,6.6,20.5,0.842,0.875
負磅(磅),118-119lb,9753,706,2128,7.2,21.8,0.922,0.929
負磅(磅),120-121lb,11842,875,2589,7.4,21.9,0.939,0.931
負磅(磅),122-123lb,12857,957,2945,7.4,22.9,0.941,0.967
負磅(磅),124-125lb,12446,1024,2854,8.2,22.9,1.063,0.99
負磅(磅),126-127lb,15088,1312,3757,8.7,24.9,1.081,1.038
負磅(磅),128-129lb,10491,883,2699,8.4,25.7,1.075,1.101
負磅(磅),130-131lb,8945,809,2408,9.0,26.9,1.17,1.163
負磅(磅),132-133lb,9615,1025,2956,10.7,30.7,1.369,1.32
負磅(磅),134-135lb,2346,247,702,10.5,29.9,1.325,1.264
負磅(磅),135+lb,1561,166,479,10.6,30.7,1.323,1.284
相對負磅(vs全場平均),-12--11lb,2792,114,401,4.1,14.4,0.528,0.621
相對負磅(vs全場平均),-10--9lb,5275,273,925,5.2,17.5,0.665,0.754
相對負磅(vs全場平均),-8--7lb,8190,479,1630,5.9,19.9,0.748,0.851
相對負磅(vs全場平均),-6--5lb,10456,713,2175,6.8,20.8,0.868,0.886
相對負磅(vs全場平均),-4--3lb,12271,900,2676,7.3,21.8,0.931,0.926
相對負磅(vs全場平均),-2--1lb,13944,1022,3075,7.3,22.0,0.925,0.932
相對負磅(vs全場平均),0-1lb,17611,1449,4136,8.2,23.5,1.028,0.983
相對負磅(vs全場平均),2-3lb,13091,1194,3341,9.1,25.5,1.171,1.095
相對負磅(vs全場平均),4-5lb,10618,954,2855,9.0,26.9,1.148,1.152
相對負磅(vs全場平均),6-7lb,8887,809,2480,9.1,27.9,1.176,1.204
相對負磅(vs全場平均),8-9lb,6203,628,1824,10.1,29.4,1.303,1.264
相對負磅(vs全場平均),10-11lb,2992,327,936,10.9,31.3,1.39,1.332
相對負磅(vs全場平均),12+lb,1086,133,363,12.2,33.4,1.491,1.369
在港日數(逐半年),0-181日,34068,2700,7376,7.9,21.6,1.02,0.933
在港日數(逐半年),182-363日,21026,1970,5687,9.4,27.0,1.209,1.165
在港日數(逐半年),364-545日,17091,1537,4773,9.0,27.9,1.145,1.189
在港日數(逐半年),546-727日,13389,1048,3205,7.8,23.9,0.99,1.013
在港日數(逐半年),728-909日,10550,730,2352,6.9,22.3,0.865,0.934
在港日數(逐半年),910-1091日,7378,444,1540,6.0,20.9,0.751,0.871
在港日數(逐半年),1092-1273日,5209,279,963,5.4,18.5,0.667,0.772
在港日數(逐半年),1274-1455日,3192,191,618,6.0,19.4,0.747,0.808
在港日數(逐半年),1456-1637日,1922,113,343,5.9,17.8,0.734,0.747
在港日數(逐半年),1638-1819日,914,45,165,4.9,18.0,0.614,0.753
在港日數(逐半年),1820-2001日,476,21,77,4.4,16.2,0.558,0.685
在港日數(逐半年),1825+日,848,40,149,4.7,17.6,0.601,0.749
路程變化(米),-600--501m,729,46,145,6.3,19.9,0.78,0.823
路程變化(米),-500--401m,1479,86,278,5.8,18.8,0.711,0.766
路程變化(米),-400--301m,2947,171,574,5.8,19.5,0.732,0.822
路程變化(米),-300--201m,3102,159,568,5.1,18.3,0.694,0.827
路程變化(米),-200--101m,14504,1035,3331,7.1,23.0,0.899,0.969
路程變化(米),-100--1m,2507,100,396,4.0,15.8,0.518,0.685
路程變化(米),0-99m,52936,4889,14344,9.2,27.1,1.174,1.152
路程變化(米),100-199m,1764,133,395,7.5,22.4,0.98,0.972
路程變化(米),200-299m,22784,1680,4878,7.4,21.4,0.946,0.918
路程變化(米),300-399m,325,19,49,5.9,15.1,0.746,0.643
路程變化(米),400-499m,4116,226,757,5.5,18.4,0.69,0.775
路程變化(米),600+m,505,29,86,5.7,17.0,0.701,0.703
近3仗平均名次(逐0.5),1.00-1.50,1897,569,1098,30.0,57.9,3.607,2.352
近3仗平均名次(逐0.5),1.50-2.00,1334,299,670,22.4,50.2,2.726,2.054
近3仗平均名次(逐0.5),2.00-2.50,3925,738,1808,18.8,46.1,2.321,1.909
近3仗平均名次(逐0.5),2.50-3.00,2274,364,957,16.0,42.1,1.979,1.747
近3仗平均名次(逐0.5),3.00-3.50,5871,786,2249,13.4,38.3,1.67,1.602
近3仗平均名次(逐0.5),3.50-4.00,3297,423,1186,12.8,36.0,1.598,1.502
近3仗平均名次(逐0.5),4.00-4.50,7763,858,2517,11.0,32.4,1.385,1.36
近3仗平均名次(逐0.5),4.50-5.00,4141,442,1298,10.7,31.4,1.348,1.325
近3仗平均名次(逐0.5),5.00-5.50,8858,807,2550,9.1,28.8,1.151,1.218
近3仗平均名次(逐0.5),5.50-6.00,4404,379,1171,8.6,26.6,1.091,1.126
近3仗平均名次(逐0.5),6.00-6.50,9427,729,2385,7.7,25.3,0.985,1.078
近3仗平均名次(逐0.5),6.50-7.00,4465,281,981,6.3,22.0,0.802,0.936
近3仗平均名次(逐0.5),7.00-7.50,8749,511,1834,5.8,21.0,0.748,0.897
近3仗平均名次(逐0.5),7.50-8.00,4061,252,773,6.2,19.0,0.794,0.815
近3仗平均名次(逐0.5),8.00-8.50,7859,371,1315,4.7,16.7,0.608,0.72
近3仗平均名次(逐0.5),8.50-9.00,3512,137,577,3.9,16.4,0.503,0.706
近3仗平均名次(逐0.5),9.00-9.50,6423,237,906,3.7,14.1,0.479,0.61
近3仗平均名次(逐0.5),9.50-10.00,2802,85,339,3.0,12.1,0.393,0.523
近3仗平均名次(逐0.5),10.00+,16999,322,1238,1.9,7.3,0.248,0.318
生涯勝率(逐2%),0.00-0.02,45411,2828,9023,6.2,19.9,0.813,0.866
生涯勝率(逐2%),0.02-0.04,2440,169,533,6.9,21.8,0.906,0.953
生涯勝率(逐2%),0.04-0.06,6626,502,1563,7.6,23.6,0.987,1.025
生涯勝率(逐2%),0.06-0.08,8056,617,1940,7.7,24.1,0.994,1.043
生涯勝率(逐2%),0.08-0.10,7265,447,1593,6.2,21.9,0.792,0.943
生涯勝率(逐2%),0.10-0.12,7497,548,1702,7.3,22.7,0.929,0.963
生涯勝率(逐2%),0.12-0.14,5253,346,1130,6.6,21.5,0.826,0.901
生涯勝率(逐2%),0.14-0.16,4366,333,1065,7.6,24.4,0.953,1.019
生涯勝率(逐2%),0.16-0.18,3464,282,886,8.1,25.6,1.003,1.056
生涯勝率(逐2%),0.18-0.20,1727,121,405,7.0,23.4,0.841,0.949
生涯勝率(逐2%),0.20-0.22,2965,252,815,8.5,27.5,1.034,1.125
生涯勝率(逐2%),0.22-0.24,1524,158,417,10.4,27.4,1.225,1.086
生涯勝率(逐2%),0.24-0.26,2087,265,719,12.7,34.4,1.556,1.417
生涯勝率(逐2%),0.26-0.28,826,66,211,8.0,25.5,0.908,0.984
生涯勝率(逐2%),0.28-0.30,799,104,275,13.0,34.4,1.519,1.355
生涯勝率(逐2%),0.30-0.32,696,64,210,9.2,30.2,1.047,1.162
生涯勝率(逐2%),0.32-0.34,1763,277,694,15.7,39.4,1.921,1.619
生涯勝率(逐2%),0.34-0.36,196,23,70,11.7,35.7,1.264,1.294
生涯勝率(逐2%),0.36+,5100,1188,2601,23.3,51.0,2.732,2.019
生涯上名率(逐5%),0.00-0.05,26304,919,3327,3.5,12.6,0.456,0.551
生涯上名率(逐5%),0.05-0.10,3477,232,781,6.7,22.5,0.879,0.986
生涯上名率(逐5%),0.10-0.15,7499,554,1689,7.4,22.5,0.97,0.986
生涯上名率(逐5%),0.15-0.20,7689,537,1746,7.0,22.7,0.914,0.99
生涯上名率(逐5%),0.20-0.25,10276,735,2297,7.2,22.4,0.927,0.966
生涯上名率(逐5%),0.25-0.30,12703,949,3028,7.5,23.8,0.96,1.022
生涯上名率(逐5%),0.30-0.35,9227,718,2227,7.8,24.1,0.989,1.025
生涯上名率(逐5%),0.35-0.40,5460,393,1339,7.2,24.5,0.897,1.023
生涯上名率(逐5%),0.40-0.45,5879,526,1644,9.0,28.0,1.105,1.157
生涯上名率(逐5%),0.45-0.50,2458,196,650,8.0,26.4,0.949,1.06
生涯上名率(逐5%),0.50-0.55,5822,667,2002,11.5,34.4,1.406,1.417
生涯上名率(逐5%),0.55-0.60,2604,301,885,11.6,34.0,1.382,1.368
生涯上名率(逐5%),0.60-0.65,1050,143,373,13.6,35.5,1.573,1.383
生涯上名率(逐5%),0.65-0.70,1949,326,829,16.7,42.5,2.008,1.718
生涯上名率(逐5%),0.70-0.75,554,97,244,17.5,44.0,1.957,1.667
生涯上名率(逐5%),0.75+,5110,1297,2791,25.4,54.6,3.059,2.216
近3仗上名率,0.00-0.33,55236,2370,8526,4.3,15.4,0.553,0.665
近3仗上名率,0.33-0.67,31338,2764,8575,8.8,27.4,1.119,1.161
近3仗上名率,0.67-1.00,14865,1953,5418,13.1,36.4,1.64,1.523
近3仗上名率,1.00-1.33,6622,1503,3333,22.7,50.3,2.785,2.078
近3仗上名率,1.00+,6622,1503,3333,22.7,50.3,2.785,2.078
騎師往績勝率(逐2%),0.00-0.02,2990,106,436,3.6,14.6,0.461,0.633
騎師往績勝率(逐2%),0.02-0.04,6939,230,883,3.3,12.7,0.431,0.552
騎師往績勝率(逐2%),0.04-0.06,27648,1267,4330,4.6,15.7,0.589,0.673
騎師往績勝率(逐2%),0.06-0.08,33126,2124,6995,6.4,21.1,0.815,0.898
騎師往績勝率(逐2%),0.08-0.10,19267,1558,4914,8.1,25.5,1.022,1.08
騎師往績勝率(逐2%),0.10-0.12,5400,537,1556,9.9,28.8,1.26,1.224
騎師往績勝率(逐2%),0.12-0.14,5115,584,1750,11.4,34.2,1.449,1.454
騎師往績勝率(逐2%),0.14-0.16,3810,538,1335,14.1,35.0,1.773,1.474
騎師往績勝率(逐2%),0.16-0.18,5855,1053,2517,18.0,43.0,2.254,1.807
騎師往績勝率(逐2%),0.18-0.20,1065,214,461,20.1,43.3,2.543,1.836
騎師往績勝率(逐2%),0.20-0.22,1922,378,862,19.7,44.8,2.422,1.852
騎師往績勝率(逐2%),0.22-0.24,2056,475,1035,23.1,50.3,2.853,2.091
騎師往績勝率(逐2%),0.24-0.26,98,18,39,18.4,39.8,2.311,1.669
騎師往績勝率(逐2%),0.28+,93,6,18,6.4,19.4,0.821,0.821
騎師往績上名率(逐3%),0.05-0.08,545,18,66,3.3,12.1,0.43,0.525
騎師往績上名率(逐3%),0.08-0.11,1794,47,210,2.6,11.7,0.341,0.508
騎師往績上名率(逐3%),0.11-0.14,4835,144,540,3.0,11.2,0.388,0.486
騎師往績上名率(逐3%),0.14-0.17,8831,309,1145,3.5,13.0,0.452,0.559
騎師往績上名率(逐3%),0.17-0.20,17937,849,2958,4.7,16.5,0.608,0.708
騎師往績上名率(逐3%),0.20-0.23,21692,1261,4309,5.8,19.9,0.745,0.85
騎師往績上名率(逐3%),0.23-0.26,21771,1609,5046,7.4,23.2,0.933,0.98
騎師往績上名率(逐3%),0.26-0.29,11075,932,2909,8.4,26.3,1.069,1.118
騎師往績上名率(逐3%),0.29-0.32,5311,501,1530,9.4,28.8,1.183,1.21
騎師往績上名率(逐3%),0.32-0.35,3393,399,1102,11.8,32.5,1.486,1.376
騎師往績上名率(逐3%),0.35-0.38,4004,485,1400,12.1,35.0,1.512,1.464
騎師往績上名率(逐3%),0.38-0.41,4775,727,1834,15.2,38.4,1.917,1.619
騎師往績上名率(逐3%),0.41-0.44,4336,862,1944,19.9,44.8,2.501,1.893
騎師往績上名率(逐3%),0.44+,4427,923,2059,20.8,46.5,2.583,1.933
練馬師往績勝率(逐2%),0.00-0.02,579,33,113,5.7,19.5,0.716,0.824
練馬師往績勝率(逐2%),0.02-0.04,500,34,107,6.8,21.4,0.889,0.934
練馬師往績勝率(逐2%),0.04-0.06,10801,545,1865,5.1,17.3,0.656,0.749
練馬師往績勝率(逐2%),0.06-0.08,42486,2831,8695,6.7,20.5,0.862,0.885
練馬師往績勝率(逐2%),0.08-0.10,39391,3194,9753,8.1,24.8,1.023,1.046
練馬師往績勝率(逐2%),0.10-0.12,7856,640,1923,8.2,24.5,1.028,1.036
練馬師往績勝率(逐2%),0.12-0.14,7670,924,2507,12.0,32.7,1.477,1.346
練馬師往績勝率(逐2%),0.14-0.16,5475,806,1957,14.7,35.7,1.809,1.473
練馬師往績勝率(逐2%),0.16-0.18,172,20,55,11.6,32.0,1.479,1.356
練馬師往績勝率(逐2%),0.18-0.20,97,13,39,13.4,40.2,1.702,1.714
練馬師往績勝率(逐2%),0.20-0.22,100,10,33,10.0,33.0,1.263,1.389
練馬師往績勝率(逐2%),0.22-0.24,52,9,17,17.3,32.7,2.278,1.434
練馬師往績勝率(逐2%),0.24+,184,25,66,13.6,35.9,1.605,1.435
練馬師往績上名率(逐3%),0.10-0.13,183,10,30,5.5,16.4,0.71,0.723
練馬師往績上名率(逐3%),0.13-0.16,619,43,114,7.0,18.4,0.902,0.798
練馬師往績上名率(逐3%),0.16-0.19,4722,223,786,4.7,16.7,0.621,0.731
練馬師往績上名率(逐3%),0.19-0.22,27261,1661,5306,6.1,19.5,0.79,0.843
練馬師往績上名率(逐3%),0.22-0.25,32843,2460,7360,7.5,22.4,0.962,0.962
練馬師往績上名率(逐3%),0.25-0.28,29569,2331,7275,7.9,24.6,0.991,1.036
練馬師往績上名率(逐3%),0.28-0.31,3972,311,915,7.8,23.0,1.0,0.986
練馬師往績上名率(逐3%),0.31-0.34,5808,646,1735,11.1,29.9,1.358,1.226
練馬師往績上名率(逐3%),0.34-0.37,8433,1151,2963,13.6,35.1,1.676,1.448
練馬師往績上名率(逐3%),0.37-0.40,1213,160,431,13.2,35.5,1.635,1.475
練馬師往績上名率(逐3%),0.40-0.43,166,23,60,13.9,36.1,1.73,1.504
練馬師往績上名率(逐3%),0.43+,309,47,106,15.2,34.3,1.857,1.413
騎練拍檔往績上名率(逐10%),0.00-0.10,10860,413,1515,3.8,14.0,0.494,0.605
騎練拍檔往績上名率(逐10%),0.10-0.20,26047,1187,4148,4.6,15.9,0.589,0.687
騎練拍檔往績上名率(逐10%),0.20-0.30,39585,2595,8581,6.6,21.7,0.833,0.921
騎練拍檔往績上名率(逐10%),0.30-0.40,19419,1920,5615,9.9,28.9,1.244,1.218
騎練拍檔往績上名率(逐10%),0.40-0.50,10765,1772,4311,16.5,40.1,2.057,1.679
騎練拍檔往績上名率(逐10%),0.50-0.60,4926,857,2037,17.4,41.3,2.171,1.732
騎練拍檔往績上名率(逐10%),0.60-0.70,673,110,254,16.3,37.7,2.062,1.594
騎練拍檔往績上名率(逐10%),0.70-0.80,174,33,76,19.0,43.7,2.43,1.873
騎練拍檔往績上名率(逐10%),0.80-0.90,63,9,25,14.3,39.7,1.84,1.704
騎練拍檔往績上名率(逐10%),1.00+,555,54,149,9.7,26.8,1.23,1.141
騎師x呢隻馬過往上名率,0.00-0.25,31390,1567,5573,5.0,17.8,0.644,0.765
騎師x呢隻馬過往上名率,0.25-0.50,9969,728,2401,7.3,24.1,0.926,1.02
騎師x呢隻馬過往上名率,0.50-0.75,12196,1286,3833,10.5,31.4,1.313,1.31
騎師x呢隻馬過往上名率,0.75-1.00,2223,395,1000,17.8,45.0,2.086,1.776
騎師x呢隻馬過往上名率,1.00+,10748,1848,4482,17.2,41.7,2.144,1.744
"習慣前置位(0=最前,1=最後)",0.00-0.10,1153,177,406,15.4,35.2,1.933,1.487
"習慣前置位(0=最前,1=最後)",0.10-0.20,6532,707,1893,10.8,29.0,1.348,1.207
"習慣前置位(0=最前,1=最後)",0.20-0.30,9740,1021,2820,10.5,29.0,1.321,1.22
"習慣前置位(0=最前,1=最後)",0.30-0.40,12074,1157,3345,9.6,27.7,1.217,1.177
"習慣前置位(0=最前,1=最後)",0.40-0.50,13611,1174,3514,8.6,25.8,1.098,1.099
"習慣前置位(0=最前,1=最後)",0.50-0.60,16518,1266,3949,7.7,23.9,0.98,1.022
"習慣前置位(0=最前,1=最後)",0.60-0.70,17247,1283,3985,7.4,23.1,0.953,0.989
"習慣前置位(0=最前,1=最後)",0.70-0.80,15640,1002,3258,6.4,20.8,0.82,0.891
"習慣前置位(0=最前,1=最後)",0.80-0.90,10831,600,1978,5.5,18.3,0.708,0.78
"習慣前置位(0=最前,1=最後)",0.90-1.00,3711,168,596,4.5,16.1,0.581,0.689
"習慣前置位(0=最前,1=最後)",1.00+,1004,35,108,3.5,10.8,0.443,0.459
